{
  "name": "GradientBoostingRegressor_20250523_200508",
  "description": "Trained GradientBoostingRegressor model on 2025-05-23",
  "version": "1.0.0",
  "model_type": "GradientBoostingRegressor",
  "created_at": "2025-05-23T20:05:08.947786",
  "metrics": {
    "mse": 9.454575086278696,
    "rmse": 3.0748292775825288,
    "mae": 0.9759584832134277,
    "r2": 0.9953818236300093,
    "training_time": 0.10632753372192383
  },
  "feature_names": [
    "num__#",
    "num__M.",
    "num__W",
    "num__D",
    "num__L",
    "num__Dif",
    "cat__Team_1. FC Frankfurt (Oder)",
    "cat__Team_1. FC Kaiserslautern",
    "cat__Team_1. FC K\u00f6ln",
    "cat__Team_1. FC Magdeburg",
    "cat__Team_1. FC N\u00fcrnberg",
    "cat__Team_1. FC Saarbr\u00fccken",
    "cat__Team_1. FC Union Berlin",
    "cat__Team_1899 Hoffenheim",
    "cat__Team_AB Gladsaxe",
    "cat__Team_AC Sparta Praha",
    "cat__Team_ACF Fiorentina",
    "cat__Team_AFC Ajax",
    "cat__Team_AIK Solna",
    "cat__Team_AJ Auxerre",
    "cat__Team_APOEL Nikosia",
    "cat__Team_AS Monaco",
    "cat__Team_AS Roma",
    "cat__Team_AS Saint-\u00c9tienne",
    "cat__Team_Aalborg BK",
    "cat__Team_Aarhus GF",
    "cat__Team_Aberdeen FC",
    "cat__Team_Anorthosis Famagusta",
    "cat__Team_Apollon Limassol",
    "cat__Team_Ards FC",
    "cat__Team_Arge\u0219 Pite\u0219ti",
    "cat__Team_Arsenal FC",
    "cat__Team_Aston Villa",
    "cat__Team_Atalanta",
    "cat__Team_Athlone Town",
    "cat__Team_Atl\u00e9tico Madrid",
    "cat__Team_Austria Wien",
    "cat__Team_Avenir Beggen",
    "cat__Team_B 1903 K\u00f8benhavn",
    "cat__Team_B 1909 Odense",
    "cat__Team_B 1913 Odense",
    "cat__Team_BATE Borisov",
    "cat__Team_BFC Dynamo",
    "cat__Team_BSC Young Boys",
    "cat__Team_Bayer Leverkusen",
    "cat__Team_Bayern Munich",
    "cat__Team_Beitar Jerusalem",
    "cat__Team_Be\u015fikta\u015f",
    "cat__Team_Blackburn Rovers",
    "cat__Team_Boavista",
    "cat__Team_Bohemian FC",
    "cat__Team_Bohemians Praha 1905",
    "cat__Team_Borussia Dortmund",
    "cat__Team_Budapest Honv\u00e9d",
    "cat__Team_Budapesti Vasas",
    "cat__Team_Burnley FC",
    "cat__Team_CFR Cluj",
    "cat__Team_CSKA Sofia",
    "cat__Team_Celtic FC",
    "cat__Team_Chemnitzer FC",
    "cat__Team_Club Brugge KV",
    "cat__Team_Cork Celtic",
    "cat__Team_Cork City",
    "cat__Team_Cork Hibernians",
    "cat__Team_Crusaders FC",
    "cat__Team_Crvena Zvezda",
    "cat__Team_Csepel SC",
    "cat__Team_Deportivo La Coru\u00f1a",
    "cat__Team_Derby County",
    "cat__Team_Derry City",
    "cat__Team_Dinamo Bucure\u015fti",
    "cat__Team_Dinamo Kiev",
    "cat__Team_Dinamo Minsk",
    "cat__Team_Dinamo Tbilisi",
    "cat__Team_Djurg\u00e5rdens IF",
    "cat__Team_Dnipro Dnipropetrovsk",
    "cat__Team_Drumcondra Dublin",
    "cat__Team_Dundalk FC",
    "cat__Team_Dundee FC",
    "cat__Team_Dundee United",
    "cat__Team_Dynamo Dresden",
    "cat__Team_Eintracht Braunschweig",
    "cat__Team_Eintracht Frankfurt",
    "cat__Team_Erzgebirge Aue",
    "cat__Team_Esbjerg fB",
    "cat__Team_Everton FC",
    "cat__Team_FC Aarau",
    "cat__Team_FC Admira Wacker",
    "cat__Team_FC Barcelona",
    "cat__Team_FC Basel",
    "cat__Team_FC Blau Wei\u00df Linz",
    "cat__Team_FC Carl Zeiss Jena",
    "cat__Team_FC Differdange 03",
    "cat__Team_FC Dinamo City",
    "cat__Team_FC Hradec Kr\u00e1lov\u00e9",
    "cat__Team_FC Kuusysi (old)",
    "cat__Team_FC Lausanne-Sport",
    "cat__Team_FC Luzern",
    "cat__Team_FC Midtjylland",
    "cat__Team_FC Nantes",
    "cat__Team_FC Nordsj\u00e6lland",
    "cat__Team_FC Petr\u017ealka",
    "cat__Team_FC Porto",
    "cat__Team_FC Reipas Lahti (old)",
    "cat__Team_FC Sion",
    "cat__Team_FC Thun Berner Oberland",
    "cat__Team_FC Twente",
    "cat__Team_FC Utrecht",
    "cat__Team_FC VSS Ko\u0161ice",
    "cat__Team_FC Wacker Innsbruck",
    "cat__Team_FCSB",
    "cat__Team_FK Astana",
    "cat__Team_FK Krasnodar",
    "cat__Team_FK Partizani",
    "cat__Team_FK Rostov",
    "cat__Team_FK Sarajevo",
    "cat__Team_FK Vllaznia",
    "cat__Team_FK \u017dalgiris",
    "cat__Team_FKS Stal Mielec",
    "cat__Team_Fenerbah\u00e7e",
    "cat__Team_Ferencv\u00e1rosi TC",
    "cat__Team_Feyenoord",
    "cat__Team_Flamurtari Vlor\u00eb",
    "cat__Team_Floriana FC",
    "cat__Team_Fram Reykjav\u00edk",
    "cat__Team_Fredrikstad FK",
    "cat__Team_Galatasaray",
    "cat__Team_Girondins Bordeaux",
    "cat__Team_Glenavon FC",
    "cat__Team_Glentoran FC",
    "cat__Team_Grasshopper Club Z\u00fcrich",
    "cat__Team_Gwardia Warszawa",
    "cat__Team_Gy\u0151ri ETO FC",
    "cat__Team_HJK Helsinki",
    "cat__Team_Haka Valkeakoski",
    "cat__Team_Halmstads BK",
    "cat__Team_Hamburger SV",
    "cat__Team_Hamrun Spartans",
    "cat__Team_Hansa Rostock",
    "cat__Team_Hapoel Tel Aviv",
    "cat__Team_Heart of Midlothian",
    "cat__Team_Helsingfors IFK",
    "cat__Team_Hertha BSC",
    "cat__Team_Hibernian FC",
    "cat__Team_Hibernians FC",
    "cat__Team_Hvidovre IF",
    "cat__Team_IFK Malm\u00f6",
    "cat__Team_IFK Norrk\u00f6ping",
    "cat__Team_IK Start",
    "cat__Team_Ilves Tampere",
    "cat__Team_Inter Bratislava",
    "cat__Team_Inter Milan",
    "cat__Team_Ipswich Town",
    "cat__Team_Jeunesse Esch",
    "cat__Team_Juventus",
    "cat__Team_KA Akureyri",
    "cat__Team_KAA Gent",
    "cat__Team_KB K\u00f8benhavn",
    "cat__Team_KF Tiran\u00eb",
    "cat__Team_KPV Kokkola",
    "cat__Team_KR Reykjav\u00edk",
    "cat__Team_KRC Genk",
    "cat__Team_KSK Beveren",
    "cat__Team_Kuopion PS",
    "cat__Team_K\u00f8ge BK",
    "cat__Team_LASK",
    "cat__Team_Lazio Roma",
    "cat__Team_Lech Pozna\u0144",
    "cat__Team_Leeds United",
    "cat__Team_Leicester City",
    "cat__Team_Levski Sofia",
    "cat__Team_Lierse SK",
    "cat__Team_Lille OSC",
    "cat__Team_Lillestr\u00f8m SK",
    "cat__Team_Limerick FC (old)",
    "cat__Team_Linfield FC",
    "cat__Team_Lisburn Distillery",
    "cat__Team_Liverpool FC",
    "cat__Team_Lokomotiv Moskva",
    "cat__Team_Lokomotiv Sofia",
    "cat__Team_Lyn Oslo",
    "cat__Team_Lyngby BK",
    "cat__Team_MFK V\u00edtkovice",
    "cat__Team_MTK Budapest",
    "cat__Team_Maccabi Tel Aviv",
    "cat__Team_Malm\u00f6 FF",
    "cat__Team_Manchester City",
    "cat__Team_Molde FK",
    "cat__Team_Moss FK",
    "cat__Team_M\u00e1laga CF",
    "cat__Team_M\u0160K \u017dilina",
    "cat__Team_NK Maribor",
    "cat__Team_Neuch\u00e2tel Xamax FCS",
    "cat__Team_Newcastle United",
    "cat__Team_OGC Nice",
    "cat__Team_OPS Oulu",
    "cat__Team_Odense BK",
    "cat__Team_Olimpija Ljubljana",
    "cat__Team_Olympiakos Nikosia",
    "cat__Team_Olympiakos Piraeus",
    "cat__Team_Olympique Lyon",
    "cat__Team_Olympique Marseille",
    "cat__Team_PFC Ludogorets Razgrad",
    "cat__Team_PSV Eindhoven",
    "cat__Team_Panathinaikos",
    "cat__Team_Parma Calcio 1913",
    "cat__Team_Partizan",
    "cat__Team_Petrolul Ploie\u015fti",
    "cat__Team_Pezoporikos Larnaca",
    "cat__Team_Polonia Bytom",
    "cat__Team_Portadown FC",
    "cat__Team_RB Leipzig",
    "cat__Team_RB Salzburg",
    "cat__Team_RC Lens",
    "cat__Team_RC Strasbourg",
    "cat__Team_RCD Mallorca",
    "cat__Team_RSC Anderlecht",
    "cat__Team_RWDM Brussels FC",
    "cat__Team_Rabat Ajax",
    "cat__Team_Rapid Bucure\u015fti",
    "cat__Team_Rapid Wien",
    "cat__Team_Real Betis",
    "cat__Team_Real Madrid",
    "cat__Team_Real Sociedad",
    "cat__Team_Roda JC Kerkrade",
    "cat__Team_Rosenborg BK",
    "cat__Team_Rot-Weiss Essen",
    "cat__Team_Royal Antwerp FC",
    "cat__Team_Rubin Kazan",
    "cat__Team_Ruch Chorz\u00f3w",
    "cat__Team_SG Sachsen Leipzig",
    "cat__Team_SL Benfica",
    "cat__Team_SSC Napoli",
    "cat__Team_Sampdoria",
    "cat__Team_Servette FC",
    "cat__Team_Sevilla FC",
    "cat__Team_Shelbourne FC",
    "cat__Team_Skeid Fotball",
    "cat__Team_Skonto FC",
    "cat__Team_Slavia Praha",
    "cat__Team_Sliema Wanderers",
    "cat__Team_Sligo Rovers",
    "cat__Team_Slovan Bratislava",
    "cat__Team_Sparta Rotterdam",
    "cat__Team_Spartak Plovdiv",
    "cat__Team_Spartak Trnava",
    "cat__Team_Spora Luxemburg",
    "cat__Team_Sporting CP",
    "cat__Team_St Patrick's Athletic",
    "cat__Team_Stade Dudelange",
    "cat__Team_Stade Rennais",
    "cat__Team_Standard Li\u00e8ge",
    "cat__Team_Str\u00f8msgodset IF",
    "cat__Team_Sturm Graz",
    "cat__Team_Szombierki Bytom",
    "cat__Team_TPS Turku",
    "cat__Team_TSV 1860 M\u00fcnchen",
    "cat__Team_Torino FC",
    "cat__Team_Trabzonspor",
    "cat__Team_UTA Arad",
    "cat__Team_Udinese Calcio",
    "cat__Team_Union Luxembourg",
    "cat__Team_Valletta FC",
    "cat__Team_Vardar Skopje",
    "cat__Team_Vejle BK",
    "cat__Team_VfB Stuttgart",
    "cat__Team_VfL Wolfsburg",
    "cat__Team_Viking FK",
    "cat__Team_Viktoria Plze\u0148",
    "cat__Team_Villarreal CF",
    "cat__Team_Vojvodina",
    "cat__Team_V\u00edkingur Reykjav\u00edk",
    "cat__Team_Waterford FC",
    "cat__Team_Werder Bremen",
    "cat__Team_Widzew \u0141\u00f3d\u017a",
    "cat__Team_Wiener Sport-Club",
    "cat__Team_Willem II",
    "cat__Team_Wis\u0142a Krak\u00f3w",
    "cat__Team_Wolverhampton Wanderers",
    "cat__Team_Zag\u0142\u0119bie Lubin",
    "cat__Team_Zbrojovka Brno",
    "cat__Team_\u00c5tvidabergs FF",
    "cat__Team_\u00d6rgryte IS",
    "cat__Team_\u00d6sters IF",
    "cat__Team_\u00dajpest FC",
    "cat__Team_\u0130stanbul Ba\u015fak\u015fehir",
    "cat__Team_\u0141KS \u0141\u00f3d\u017a",
    "cat__Team_\u015al\u0105sk Wroc\u0142aw",
    "cat__Team_\u017deljezni\u010dar Sarajevo",
    "cat__goals_0:1",
    "cat__goals_0:11",
    "cat__goals_0:14",
    "cat__goals_0:19",
    "cat__goals_0:20",
    "cat__goals_0:3",
    "cat__goals_0:4",
    "cat__goals_0:44",
    "cat__goals_0:5",
    "cat__goals_0:6",
    "cat__goals_0:7",
    "cat__goals_0:8",
    "cat__goals_104:06:00",
    "cat__goals_105:46:00",
    "cat__goals_1076:55:00",
    "cat__goals_10:11",
    "cat__goals_10:12",
    "cat__goals_10:15",
    "cat__goals_10:18",
    "cat__goals_10:35",
    "cat__goals_10:40",
    "cat__goals_10:9",
    "cat__goals_111:52:00",
    "cat__goals_113:22:00",
    "cat__goals_113:27:00",
    "cat__goals_115:22:00",
    "cat__goals_11:10",
    "cat__goals_11:14",
    "cat__goals_11:28",
    "cat__goals_11:29",
    "cat__goals_11:8",
    "cat__goals_124:09:00",
    "cat__goals_125:43:00",
    "cat__goals_12:11",
    "cat__goals_12:12",
    "cat__goals_12:16",
    "cat__goals_12:25",
    "cat__goals_12:4",
    "cat__goals_12:6",
    "cat__goals_130:32:00",
    "cat__goals_138:55:00",
    "cat__goals_13:10",
    "cat__goals_13:19",
    "cat__goals_13:22",
    "cat__goals_141:52:00",
    "cat__goals_146:17:00",
    "cat__goals_148:53:00",
    "cat__goals_149:37:00",
    "cat__goals_14:12",
    "cat__goals_14:13",
    "cat__goals_14:20",
    "cat__goals_14:24",
    "cat__goals_14:25",
    "cat__goals_14:26",
    "cat__goals_14:35",
    "cat__goals_14:41",
    "cat__goals_14:5",
    "cat__goals_15:11",
    "cat__goals_15:13",
    "cat__goals_15:14",
    "cat__goals_15:24",
    "cat__goals_161:18:00",
    "cat__goals_16:14",
    "cat__goals_16:30",
    "cat__goals_16:5",
    "cat__goals_16:9",
    "cat__goals_174:27:00",
    "cat__goals_176:21:00",
    "cat__goals_18:12",
    "cat__goals_18:16",
    "cat__goals_18:37",
    "cat__goals_19:21",
    "cat__goals_1:1",
    "cat__goals_1:11",
    "cat__goals_1:2",
    "cat__goals_1:21",
    "cat__goals_1:3",
    "cat__goals_1:32",
    "cat__goals_1:4",
    "cat__goals_1:5",
    "cat__goals_1:6",
    "cat__goals_1:7",
    "cat__goals_204:45:00",
    "cat__goals_20:14",
    "cat__goals_20:25",
    "cat__goals_20:28",
    "cat__goals_20:53",
    "cat__goals_213:41:00",
    "cat__goals_216:39:00",
    "cat__goals_216:45:00",
    "cat__goals_217:37:00",
    "cat__goals_21:10",
    "cat__goals_21:18",
    "cat__goals_21:25",
    "cat__goals_229:07:00",
    "cat__goals_22:13",
    "cat__goals_22:25",
    "cat__goals_22:28",
    "cat__goals_22:31",
    "cat__goals_23:08",
    "cat__goals_23:32",
    "cat__goals_242:42:00",
    "cat__goals_24:10:00",
    "cat__goals_269:24:00",
    "cat__goals_26:11:00",
    "cat__goals_26:22:00",
    "cat__goals_26:23:00",
    "cat__goals_27:19:00",
    "cat__goals_27:21:00",
    "cat__goals_27:30:00",
    "cat__goals_286:26:00",
    "cat__goals_28:35:00",
    "cat__goals_297:39:00",
    "cat__goals_29:25:00",
    "cat__goals_29:29:00",
    "cat__goals_29:36:00",
    "cat__goals_2:10",
    "cat__goals_2:13",
    "cat__goals_2:19",
    "cat__goals_2:26",
    "cat__goals_2:39",
    "cat__goals_2:4",
    "cat__goals_2:5",
    "cat__goals_2:6",
    "cat__goals_2:7",
    "cat__goals_30:28:00",
    "cat__goals_324:43:00",
    "cat__goals_33:42:00",
    "cat__goals_33:49:00",
    "cat__goals_347:59:00",
    "cat__goals_34:46:00",
    "cat__goals_35:00:00",
    "cat__goals_38:57:00",
    "cat__goals_392:01:00",
    "cat__goals_3:10",
    "cat__goals_3:11",
    "cat__goals_3:14",
    "cat__goals_3:17",
    "cat__goals_3:19",
    "cat__goals_3:25",
    "cat__goals_3:3",
    "cat__goals_3:4",
    "cat__goals_3:51",
    "cat__goals_3:6",
    "cat__goals_3:7",
    "cat__goals_3:8",
    "cat__goals_40:08:00",
    "cat__goals_40:43:00",
    "cat__goals_435:38:00",
    "cat__goals_438:19:00",
    "cat__goals_43:50:00",
    "cat__goals_44:12:00",
    "cat__goals_44:20:00",
    "cat__goals_45:41:00",
    "cat__goals_46:24:00",
    "cat__goals_472:57:00",
    "cat__goals_47:08:00",
    "cat__goals_48:44:00",
    "cat__goals_49:41:00",
    "cat__goals_4:11",
    "cat__goals_4:13",
    "cat__goals_4:16",
    "cat__goals_4:20",
    "cat__goals_4:21",
    "cat__goals_4:22",
    "cat__goals_4:23",
    "cat__goals_4:28",
    "cat__goals_4:36",
    "cat__goals_4:4",
    "cat__goals_4:5",
    "cat__goals_4:6",
    "cat__goals_4:7",
    "cat__goals_4:9",
    "cat__goals_50:07:00",
    "cat__goals_51:51:00",
    "cat__goals_52:54:00",
    "cat__goals_53:45:00",
    "cat__goals_54:54:00",
    "cat__goals_55:06:00",
    "cat__goals_55:13:00",
    "cat__goals_5:11",
    "cat__goals_5:12",
    "cat__goals_5:13",
    "cat__goals_5:18",
    "cat__goals_5:32",
    "cat__goals_5:43",
    "cat__goals_5:5",
    "cat__goals_5:7",
    "cat__goals_5:8",
    "cat__goals_5:9",
    "cat__goals_61:13:00",
    "cat__goals_62:34:00",
    "cat__goals_63:18:00",
    "cat__goals_66:03:00",
    "cat__goals_675:51:00",
    "cat__goals_69:55:00",
    "cat__goals_6:10",
    "cat__goals_6:11",
    "cat__goals_6:12",
    "cat__goals_6:14",
    "cat__goals_6:21",
    "cat__goals_6:22",
    "cat__goals_6:5",
    "cat__goals_6:9",
    "cat__goals_73:40:00",
    "cat__goals_74:20:00",
    "cat__goals_75:19:00",
    "cat__goals_79:56:00",
    "cat__goals_7:10",
    "cat__goals_7:11",
    "cat__goals_7:14",
    "cat__goals_7:15",
    "cat__goals_7:16",
    "cat__goals_7:18",
    "cat__goals_7:2",
    "cat__goals_7:25",
    "cat__goals_7:26",
    "cat__goals_7:28",
    "cat__goals_7:35",
    "cat__goals_7:36",
    "cat__goals_7:5",
    "cat__goals_7:7",
    "cat__goals_7:8",
    "cat__goals_817:24:00",
    "cat__goals_81:22:00",
    "cat__goals_83:23:00",
    "cat__goals_88:18:00",
    "cat__goals_8:12",
    "cat__goals_8:15",
    "cat__goals_8:30",
    "cat__goals_8:36",
    "cat__goals_8:6",
    "cat__goals_8:8",
    "cat__goals_8:9",
    "cat__goals_91:39:00",
    "cat__goals_94:38:00",
    "cat__goals_96:38:00",
    "cat__goals_9:11",
    "cat__goals_9:14",
    "cat__goals_9:24",
    "cat__goals_9:26",
    "cat__goals_9:41",
    "cat__goals_9:45",
    "cat__goals_9:5",
    "cat__goals_9:8"
  ],
  "problem_type": "Regression"
}